{"step":999,"eval/mse":0.0017289675888605416,"_wandb":{"runtime":774},"_step":1000,"_runtime":774.56510972,"sample_epoch_0":{"size":117839,"path":"media/images/sample_epoch_0_999_4c8b14ded1387b1ab039.png","format":"png","width":562,"height":782,"_type":"image-file","sha256":"4c8b14ded1387b1ab0394b31bd1eae74afd4464aa5375ae0714b9f1527be67c1"},"eval/psnr":27.722405433654785,"loss":0.0005050993640907109,"lr":9.997482711915927e-05,"_timestamp":1.7465235589356637e+09}