{"loss":0.00013243099965620786,"lr":2.265749232122083e-11,"step":49999,"_timestamp":1.7454463781135101e+09,"_runtime":7427.754117166,"_step":49999,"_wandb":{"runtime":7427}}