{"_runtime":1428.751766538,"_step":9999,"loss":0.0010257544927299023,"_wandb":{"runtime":1428},"lr":9.118742767122525e-05,"step":9999,"_timestamp":1.7454256051333196e+09}