{"_timestamp":1.7455407908372974e+09,"_wandb":{"runtime":37233},"_runtime":37233.865079204,"_step":49999,"loss":9.868358029052615e-05,"lr":2.9102289511584446e-11,"step":49999}