{"loss":0.00040438328869640827,"lr":9.118742767122525e-05,"step":9999,"_timestamp":1.745428943538398e+09,"_wandb":{"runtime":1449},"_runtime":1449.575982933,"_step":9999}