{"loss":0.0011300038313493133,"lr":9.999379437254222e-05,"step":999,"_timestamp":1.7459267987514083e+09,"_runtime":510.342162632,"_step":999,"_wandb":{"runtime":510}}