bone_volume_fraction,trabecular_thickness_mean,trabecular_thickness_std,trabecular_spacing_mean,trabecular_spacing_std,trabecular_number,position,patch_idx,source
0.008385717868804932,0.09010351908638374,0.05950305866895936,NaN,NaN,0.0930675955149477,"([2048, 2304], [2560, 2816], [2048, 2304])",0,HR
0.000330507755279541,0.05419844493609136,0.02125470595022813,NaN,NaN,0.006098104026218142,"([2048, 2304], [2816, 3072], [2048, 2304])",1,HR
0.0007565617561340332,1.5063787309605932,0.6207768827052383,NaN,NaN,0.0005022387402214489,"([2048, 2304], [2560, 2816], [2048, 2304])",0,LR
0.0,NaN,NaN,NaN,NaN,0.0,"([2048, 2304], [2816, 3072], [2048, 2304])",1,LR
0.007547199726104736,0.09846800107567284,0.05929810766342582,NaN,NaN,0.07664621647295043,"([2048, 2304], [2560, 2816], [2048, 2304])",0,SR
0.000337064266204834,0.06628023100026417,0.03311798172140976,NaN,NaN,0.0050854419352203304,"([2048, 2304], [2816, 3072], [2048, 2304])",1,SR
