{"_wandb":{"runtime":7347},"loss":0.0014218175783753395,"lr":2.577919099855386e-11,"step":49999,"_timestamp":1.7454382001359303e+09,"_runtime":7347.278440425,"_step":49999}